#
# Berkeley Host Database
#
127.1		localhost
#
# Berkeley Local Net 46 -- 3Mb/s Ethernet
#
46.4		ucbarpa arpa
46.5		ucbcad cad
46.6		ucbernie ernie
46.7		ucbmonet monet
46.9		ucbesvax esvax
46.10		ucbvax ucbvax vax
46.11		ucbkim kim
46.12		ucbcalder calder
46.13		ucbdali dali
46.14		ucbmatisse matisse
46.15		ucbmedea medea
46.19		ucbingres ingres
46.20		ucboz oz
46.21		ucbear ear
46.22		ucbdegas degas
46.23		ucbturner turner
46.24		ucbmiro miro
46.25		ucbjade jade
46.26		ucbbach bach ucbstatvax statvax
#46.27		ucbic ic
46.28		ucbcory cory
46.29		ucbcartan cartan
46.30		ucbbrahms brahms ucbmathstat mathstat
#
# Berkeley Local Net 99 -- Ungermann-Bass
#
99.2.0.93	ucbmatisse-un matisse-un
99.2.0.86	ucbdali-un dali-un
#
# Berkeley Local Net 98 -- 3Com 10Mb/s Ethernet
#
98.0.2.80	ucbmatisse-ec matisse-ec
98.0.2.67	ucbmonet-ec monet-ec
#
# Berkeley Local Net 97 -- Interlan 10Mb/s Ethernet
#
97.128.1.69	ucbmonet-il monet-il
97.128.1.65	ucbmatisse-il matisse-il
#
# Berkeley Local Net 96 -- CAD 10Mb/s Ethernet
#
96.0.5.128	ucbic ic
96.0.5.129	ucbicw icw
96.0.5.130	ucbcad-ec cad-ec
#
# Berkeley Local Net 95 -- 484 Cory
#
95.0.7.70	ucbmerlin merlin
#
# Berkeley Class C Local Net 1 -- 3Mb/s Ethernet
#
192.0.46.1		ucbmatisse-en2 matisse-en2
192.0.46.2		ucbcalder-en2 calder-en2
192.0.46.3		ucbmonet-en2 monet-en2
#
# Berkeley Local Net 125 -- SUN 10Mb/s Ethernet
#
125.0.20.137	ucbmike mike
125.0.17.146	ucbrob rob
125.0.20.71	ucbchip chip
125.0.2.67	ucbkim-ec kim-ec
#
# Berkeley Local Net 89 -- Computer Center 10Mb/s Ethernet
#
89.0.4.153	ucbruby ruby Ruby ucbruby-ec ruby-ec
89.0.4.21	ucbamber amber Amber
89.0.6.38	ucbcoral coral Coral
89.0.6.35	ucbtopaz topaz Topaz
89.0.6.37	ucbivory ivory Ivory
89.0.4.119	ucblapis lapis Lapis
89.0.6.33	ucbjade-ec jade-ec
89.0.4.85	ucbpopuli populi Populi
#
# Off Campus Hosts and Networks (from SRI-NIC hostname server)
#
# DoD Internet Host Table
#  20-Mar-84
#
4.0.0.0         satnet.arpa satnet
4.0.0.1         etam-expak.arpa etam-expak
4.0.0.2         goonhilly-expak.arpa goonhilly-expak
4.0.0.3         tanum-expak.arpa tanum-expak
4.0.0.37        satnet-sink.arpa satnet-sink
4.0.0.40        satnet-echo.arpa satnet-echo
4.0.0.41        etam-monitor.arpa etam-monitor
4.0.0.42        goonhilly-monitor.arpa goonhilly-monitor
4.0.0.43        tanum-monitor.arpa tanum-monitor
4.0.0.62        etam-echo.arpa etam-echo
4.0.0.63        goonhilly-echo.arpa goonhilly-echo
4.0.0.64        tanum-echo.arpa tanum-echo
4.0.0.72        raisting.arpa raisting
4.0.0.77        raisting-echo.arpa raisting-echo
4.0.0.78        raisting-monitor.arpa raisting-monitor
4.0.0.79        raisting-expak.arpa raisting-expak
4.0.0.88        fucino.arpa fucino
4.0.0.93        fucino-echo.arpa fucino-echo
4.0.0.94        fucino-monitor.arpa fucino-monitor
4.0.0.95        fucino-expak.arpa fucino-expak
6.1.0.1         yuma.arpa yuma
8.0.0.2         bbncca.arpa bbncca
8.1.0.2         bbnccb.arpa bbnccb
8.2.0.2         bbnccc.arpa bbnccc
8.3.0.2         bbnccd.arpa bbnccd
8.4.0.2         bbn-labs-admin.arpa bbn-labs-admin bbn-labs bbnl
8.5.0.2         bbncck.arpa bbncck
8.0.0.3         bbnccg.arpa bbnccg
8.2.0.3         bbncc2-tac.arpa bbncc2-tac bbncc2
8.0.0.4         bbnccf.arpa bbnccf
8.2.0.4         bbnccp.arpa bbnccp
8.3.0.4         bbncci.arpa bbncci
8.4.0.4         bbnh.arpa bbnh
128.11.0.4      bbnh.arpa bbnh
8.6.0.4         bbnccj.arpa bbnccj
8.7.0.4         tac-news.arpa tac-news
8.0.0.5         bbn-cdnoc.arpa bbn-cdnoc cdnoc
8.1.0.5         bbn-cd.arpa bbn-cd bbncd
8.2.0.5         bbncc1-tac.arpa bbncc1-tac bbncc1
8.1.0.6         bbn-admin.arpa bbn-admin admin
8.2.0.6         bbn-inoc.arpa bbn-inoc inoc
8.3.0.6         bbnccw.arpa bbnccw
8.0.0.7         bbnccs.arpa bbnccs
8.1.0.7         bbnz.arpa bbnz
8.2.0.7         bbnccq.arpa bbnccq
8.0.0.8         bbnccx.arpa bbnccx
8.2.0.8         bbnccy.arpa bbnccy
8.2.0.9         bbncc3-tac.arpa bbncc3-tac bbncc3 div-5-tac div5-tac d5tac
8.0.0.10        bbncc4-tac.arpa bbncc4-tac bbncc4 div-5-tac2 d5tac-tac2 d5tac2
8.0.0.14        csnet-cic.arpa csnet-cic bbnj
8.1.0.14        bbn-noc.arpa bbn-noc bbn-nu noc
8.2.0.14        div6-tac.arpa div6-tac d6tac div6tac
10.0.0.1        ucla-cs.arpa ucla-cs ucla-cecs
10.1.0.1        ucla-ccn.arpa ucla-ccn ccn
10.2.0.1        ucla-locus.arpa ucla-locus ucla-security locus
10.3.0.1        ucla-ats.arpa ucla-ats ats
10.0.0.2        sri-nsc11.arpa sri-nsc11 nsc11 dnsri
10.1.0.2        sri-kl.arpa sri-kl sri kl
10.2.0.2        sri-csl.arpa sri-csl csl sri-csla
10.3.0.2        sri-tsc.arpa sri-tsc sri-tscb tscb
128.18.1.230    sri-tsc.arpa sri-tsc sri-tscb tscb
10.4.0.2        sri-ai.arpa sri-ai aic
10.5.0.2        sri-iu.arpa sri-iu iuv
10.5.2.2        sri-vax.arpa sri-vax sri-crvax crvax
10.5.3.2        sri-ovax.arpa sri-ovax ovax
10.0.0.4        utah-cs.arpa utah-cs
192.5.12.21     utah-cs.arpa utah-cs
10.2.0.4        utah-tac.arpa utah-tac
10.3.0.4        utah-20.arpa utah-20
10.0.0.5        bbnf.arpa bbnf bbn-tenexf
192.1.2.66      bbnf.arpa bbnf bbn-tenexf
10.1.0.5        bbng.arpa bbng bbn-tenexg
192.1.2.67      bbng.arpa bbng bbn-tenexg
10.3.0.5        bbna.arpa bbna bbn bbnc
192.1.2.68      bbna.arpa bbna bbn bbnc
10.7.0.5        bbn-pr-station-1.arpa bbn-pr-station-1
10.0.0.6        mit-multics.arpa mit-multics multics
10.2.0.6        mit-ai-reserved.arpa mit-ai-reserved
10.3.0.6        mit-ml.arpa mit-ml ml
10.1.0.7        csnet2.arpa csnet2 occ
10.2.0.7        rand-arpa-tac.arpa rand-arpa-tac
10.3.0.7        rand-unix.arpa rand-unix isd
10.0.0.9        harv-10.arpa harv-10 acl
10.2.0.9        yale.arpa yale
128.36.0.1      yale.arpa yale
10.0.0.10       ll.arpa ll
10.1.0.10       ll-vlsi.arpa ll-vlsi
10.2.0.10       ll-xn.arpa ll-xn
10.4.0.10       ll-en.arpa ll-en
10.6.0.10       ll-sst.arpa ll-sst sst
10.0.0.11       su-ai.arpa su-ai sail suai
36.40.0.194     su-ai.arpa su-ai sail suai
10.2.0.11       su-tac.arpa su-tac
10.3.0.11       su-score.arpa su-score score
36.40.0.195     su-score.arpa su-score score
10.1.0.14       cmu-cs-a.arpa cmu-cs-a cmu-10a cmua
10.3.0.14       cmu-cs-c.arpa cmu-cs-c cmu-20c cmuc
10.0.0.15       rochester.arpa rochester ur-gateway
10.1.0.17       mitre-gateway.arpa mitre-gateway mitre-gw
10.4.0.17       mitre-lan.arpa mitre-lan
10.0.0.20       dcec-itel.arpa dcec-itel dcec
10.2.0.20       dcec-arpa-tac.arpa dcec-arpa-tac
10.3.0.20       edn-unix.arpa edn-unix
10.5.0.20       dcec-psat.arpa dcec-psat
10.0.0.22       isi-speech11.arpa isi-speech11
10.0.22.22      isi-speech11.arpa isi-speech11
10.1.22.27      isi-speech11.arpa isi-speech11
10.1.0.23       usc-eclc.arpa usc-eclc eclc
10.2.0.23       usc-tac.arpa usc-tac
10.3.0.24       wharton-10.arpa wharton-10 wharton
10.0.0.25       seismo.arpa seismo seisvax
192.5.11.5      seismo.arpa seismo seisvax
10.0.0.27       usc-isid.arpa usc-isid isid
10.1.0.27       isi-png11.arpa isi-png11 isi-xgp11
10.1.156.27     isi-png11.arpa isi-png11 isi-xgp11
10.1.21.27      isi-mcon.arpa isi-mcon
10.0.21.22      isi-mcon.arpa isi-mcon
10.1.23.27      isi-wbc11.arpa isi-wbc11 wbc11
10.0.23.22      isi-wbc11.arpa isi-wbc11 wbc11
10.1.25.27      isi-maint11.arpa isi-maint11
10.1.89.27      isi-setting.arpa isi-setting setting isi-sun2
10.1.90.27      isi-loretta.arpa isi-loretta loretta isi-sun1
10.1.91.27      isi-pallas-athene.arpa isi-pallas-athene pallas-athene isi-sun3
10.1.97.27      isi-aikane.arpa isi-aikane aikane isi-perq1
10.1.98.27      isi-czar.arpa isi-czar czar isi-perq2
10.1.99.27      isi-mycroftxxx.arpa isi-mycroftxxx mycroftxxx isi-perq3
10.1.124.27     isi-cmr.arpa isi-cmr
10.1.125.27     isi-ihm.arpa isi-ihm sphinx
10.1.254.27     isi-echo.arpa isi-echo
10.2.0.27       isi-vaxa.arpa isi-vaxa vaxa
10.1.33.27      isi-vaxa.arpa isi-vaxa vaxa
10.0.0.28       arpa3-tac.arpa arpa3-tac
10.0.0.31       cca-unix.arpa cca-unix cca cca-tenex
10.1.0.31       cca-vms.arpa cca-vms
10.2.0.31       cca-tac.arpa cca-tac cca-tip
10.3.0.31       cisl-service-multics.arpa cisl-service-multics mit-devmultics devmultics cisl cisl-multics cisl-service
192.5.1.1       cisl-service-multics.arpa cisl-service-multics mit-devmultics devmultics cisl cisl-multics cisl-service
10.0.0.32       parc-maxc.arpa parc-maxc parc xerox
10.2.0.32       parc-gw.arpa parc-gw
10.3.0.32       kestrel.arpa kestrel sci-ics sci kes sct
10.1.0.38       bragg-sta1.arpa bragg-sta1
10.2.0.38       bragg-arpa-tac.arpa bragg-arpa-tac
10.2.0.40       bbn-psat-ig.arpa bbn-psat-ig
10.0.0.44       mit-xx.arpa mit-xx xx
10.2.0.44       mit-tstgw.arpa mit-tstgw
18.10.0.41      mit-tstgw.arpa mit-tstgw
10.3.0.44       mit-mc.arpa mit-mc mc mit-dms dm dms mit-dm
10.0.0.46       collins-pr.arpa collins-pr
10.1.0.46       collins-gw.arpa collins-gw
10.2.0.46       collins-tac.arpa collins-tac
10.4.0.49       bbn-clxx.arpa bbn-clxx clxx
10.7.0.49       csnet-relay.arpa csnet-relay rand-relay csnet1 mmcc
10.0.0.51       sri-nic.arpa sri-nic nic
26.0.0.73       sri-nic.arpa sri-nic nic
10.1.1.51       sri-sta6.arpa sri-sta6
10.1.4.51       srijoyce.arpa srijoyce joyce
10.2.0.51       sri-unix.arpa sri-unix thx
10.3.1.51       sri-sta2.arpa sri-sta2
10.3.2.51       sri-prmh.arpa sri-prmh
10.5.0.51       sri-sprm.arpa sri-sprm
10.0.0.52       usc-isic.arpa usc-isic isic
10.1.0.52       isi-hobgoblin.arpa isi-hobgoblin hobgoblin
128.9.0.42      isi-hobgoblin.arpa isi-hobgoblin hobgoblin
10.2.0.52       usc-isif.arpa usc-isif isif
10.3.0.52       usc-isib.arpa usc-isib isib
10.0.0.54       cit-20.arpa cit-20 cal-tech
10.1.0.54       cit-vax.arpa cit-vax
192.5.7.2       cit-vax.arpa cit-vax
10.3.0.54       jpl-vlsi.arpa jpl-vlsi jpl-vax
10.3.1.54       jpl-robotics.arpa jpl-robotics
10.0.0.56       sumex-aim.arpa sumex-aim aim sumex
36.45.0.87      sumex-aim.arpa sumex-aim aim sumex
10.1.0.56       su-dsn.arpa su-dsn dsn
10.2.0.56       aids-unix.arpa aids-unix aids-vax aids
10.2.0.58       rutgers.arpa rutgers rutgers-20 rutgers-10 ru-red
10.2.1.58       ru-green.arpa ru-green
10.2.2.58       ru-blue.arpa ru-blue
10.0.0.62       ut-ngp.arpa ut-ngp utexas-11 utexas-ngp
10.1.0.62       utexas-20.arpa utexas-20 utexas
10.2.0.62       ut-sally.arpa ut-sally utexas-780 sally
10.0.0.63       bbn-test0-gw.arpa bbn-test0-gw
10.1.0.63       bbn-arpa-tac.arpa bbn-arpa-tac
10.1.0.72       bbn-unix.arpa bbn-unix bbn-ucc bbncc bbnu
8.1.0.4         bbn-unix.arpa bbn-unix bbn-ucc bbncc bbnu
10.2.0.77       mit-tac.arpa mit-tac
10.0.0.78       ucb-arpa.arpa ucb-arpa ucbarpa
128.32.0.4      ucb-arpa.arpa ucb-arpa ucbarpa
10.2.0.78       ucb-vax.arpa ucb-vax berkeley ucbvax
128.32.0.10     ucb-vax.arpa ucb-vax berkeley ucbvax
10.0.0.79       dec-tops20.arpa dec-tops20 dec-2136
10.1.0.79       dec-marlboro.arpa dec-marlboro dec market
10.2.0.79       dec-hudson.arpa dec-hudson
10.0.0.80       hi-multics.arpa hi-multics honey
10.1.0.80       sac-arpa-tac.arpa sac-arpa-tac
10.1.0.82       bbn-vax.arpa bbn-vax bbnv
8.1.0.8         bbn-vax.arpa bbn-vax bbnv
10.6.0.82       bbn-noc2.arpa bbn-noc2 noc2
10.7.0.82       csnet-sh.arpa csnet-sh
10.0.0.89       columbia-20.arpa columbia-20 cucs20
10.3.0.89       cu-gar.arpa cu-gar garfield
192.5.43.1      cu-gar.arpa cu-gar garfield
10.0.0.91       washington.arpa washington udub uw-ward ward
10.2.0.91       washington-tac.arpa washington-tac
10.3.0.91       uw-vlsi.arpa uw-vlsi udub-vlsi
192.5.8.5       uw-vlsi.arpa uw-vlsi udub-vlsi
10.0.0.96       udel-relay.arpa udel-relay ud-relay udel
10.1.0.96       udel-tcp.arpa udel-tcp
10.2.0.96       udel-ee.arpa udel-ee
10.3.0.96       cornell.arpa cornell cornell-arpa cu-arpa
192.5.36.3      cornell.arpa cornell cornell-arpa cu-arpa
10.2.0.98       purdue-x25.arpa purdue-x25
10.3.0.99       bbn-x25-test3.arpa bbn-x25-test3
10.4.0.99       bbn-x25-test4.arpa bbn-x25-test4
14.0.0.1        purdue-tn.arpa purdue-tn
14.0.0.2        uwisc-tn.arpa uwisc-tn
14.0.0.3        udel-tn.arpa udel-tn
14.0.0.4        ucl-vtest.arpa ucl-vtest
14.0.0.6        uk-satnet.arpa uk-satnet
14.0.0.7        wisc-ibm.arpa wisc-ibm
14.0.0.11       chalmers-sunet.arpa chalmers-sunet
14.0.0.12       rice.arpa rice rice-dione dione
128.42.1.1      rice.arpa rice rice-dione dione
14.0.0.13       decwrl.arpa decwrl dec-wrl decsrc dec-src decwsl dec-wsl
14.0.0.104      ibm-sj.arpa ibm-sj
18.10.0.6       mit-sludge.arpa mit-sludge mit-sl sludge
18.26.0.134     mit-sludge.arpa mit-sludge mit-sl sludge
18.2.0.7        mit-bridge.arpa mit-bridge mit-br bridge
18.10.0.5       mit-bridge.arpa mit-bridge mit-br bridge
18.10.0.8       mit-csr.arpa mit-csr csr csr2 printer mit-ln ln
18.26.0.8       mit-melkor.arpa mit-melkor melkor mel
18.2.0.18       mit-alto-509.arpa mit-alto-509 alto-509
18.2.0.20       mit-alto-510.arpa mit-alto-510 alto-510
18.10.0.24      mit-nms.arpa mit-nms nms
18.26.0.24      mit-baby-blue.arpa mit-baby-blue baby-blue baby
18.26.0.25      mit-blue-thunder.arpa mit-blue-thunder blue-thunder thunder
18.26.0.26      mit-blue-bayou.arpa mit-blue-bayou blue-bayou bayou
18.26.0.27      mit-blue-suede-shoes.arpa mit-blue-suede-shoes blue-suede-shoes blue-suede
18.26.0.28      mit-misty-blue.arpa mit-misty-blue misty-blue misty
18.26.0.29      mit-car-wash-blues.arpa mit-car-wash-blues car-wash-blues car-wash
18.26.0.30      mit-blue-jeans.arpa mit-blue-jeans blue-jeans jeans
18.26.0.31      mit-blue-blood.arpa mit-blue-blood blue-blood blood
18.2.0.32       mit-alto-524.arpa mit-alto-524 alto-524 guttag
18.26.0.35      mit-pluto.arpa mit-pluto pluto
18.26.0.38      mit-zud.arpa mit-zud zud
18.26.0.39      mit-coke.arpa mit-coke coke
18.26.0.40      mit-dr-pepper.arpa mit-dr-pepper mit-dp dr-pepper dp
18.26.0.41      mit-pepsi.arpa mit-pepsi pepsi
18.26.0.42      mit-seltzer.arpa mit-seltzer seltzer
18.26.0.44      mit-guano.arpa mit-guano guano
18.26.0.45      mit-cjt.arpa mit-cjt cjt
18.2.0.56       mit-alto-214b.arpa mit-alto-214b alto-214b oa-alto
18.10.0.64      mit-ajax.arpa mit-ajax ajax
18.26.0.64      scrc-peace.arpa scrc-peace peace
128.31.26.64    scrc-peace.arpa scrc-peace peace
18.10.0.65      mit-borax.arpa mit-borax borax
18.10.0.66      mit-comet.arpa mit-comet
18.10.0.67      mit-dutch.arpa mit-dutch dutch
18.10.0.68      mit-mrclean.arpa mit-mrclean mrclean
18.10.0.69      mit-bold.arpa mit-bold bold
18.10.0.70      mit-fab.arpa mit-fab fab
18.10.0.71      mit-prj.arpa mit-prj prj
18.2.0.72       mit-alto-511.arpa mit-alto-511 alto-511
18.10.0.72      mit-duz.arpa mit-duz duz
18.10.0.73      mit-dash.arpa mit-dash dash
18.10.0.74      mit-tide.arpa mit-tide tide
18.10.0.75      mit-fla.arpa mit-fla fla
18.10.0.76      mit-cls.arpa mit-cls cls
18.10.0.77      mit-grape-nehi.arpa mit-grape-nehi grape-nehi c6
18.10.0.78      mit-heineken.arpa mit-heineken heineken
18.10.0.79      mit-oa.arpa mit-oa oa
18.2.0.80       mit-muriel.arpa mit-muriel muriel
18.10.0.80      mit-macewan.arpa mit-macewan macewan
18.10.0.81      mit-kirin.arpa mit-kirin kirin
18.10.0.82      mit-molson.arpa mit-molson molson
18.10.0.86      mit-milo.arpa mit-milo milo
18.10.0.87      mit-opus.arpa mit-opus opus
18.10.0.88      mit-rinso.arpa mit-rinso rinso
18.2.0.96       mit-alto-508.arpa mit-alto-508 alto-508
18.2.0.100      mit-alto-503.arpa mit-alto-503 alto-503
18.2.0.128      mit-spooler.arpa mit-spooler spooler spool
18.9.0.128      mit-pcgw.arpa mit-pcgw pcgw
18.10.0.40      mit-pcgw.arpa mit-pcgw pcgw
18.10.0.128     mit-lcs-hq.arpa mit-lcs-hq lcs-hq
18.2.0.129      mit-np-alto.arpa mit-np-alto np-alto
18.2.0.130      mit-alto-502.arpa mit-alto-502 alto-502
18.2.0.134      mit-alto-828.arpa mit-alto-828 alto-828 medg
18.2.0.170      mit-alto-520.arpa mit-alto-520 alto-520
24.0.0.1        minet-obl-em.arpa minet-obl-em oblem minet-obl obl
24.1.0.1        minet-obl-tac.arpa minet-obl-tac obltc
24.1.0.2        minet-vhn-tac.arpa minet-vhn-tac vhntc
24.2.0.2        minet-vhn-em.arpa minet-vhn-em minet-vhn-noc vhn vhnem vhnnc minet-vhn
24.3.0.2        dca-eur.arpa dca-eur
24.1.0.3        minet-ram-tac.arpa minet-ram-tac ramtc
24.1.0.4        minet-hdl-tac.arpa minet-hdl-tac hdltc
24.1.0.5        minet-brm-tac.arpa minet-brm-tac brmtc
24.1.0.6        minet-rdm-tac.arpa minet-rdm-tac rmdtc
24.0.0.7        minet-lon-em.arpa minet-lon-em lonem minet-lon lon
24.1.0.7        minet-lon-tac.arpa minet-lon-tac lontc
24.0.0.8        minet-cpo-em.arpa minet-cpo-em minet-cpo cpo cpoem minet-nap nap napem minet-nap-em
26.6.0.49       minet-cpo-em.arpa minet-cpo-em minet-cpo cpo cpoem minet-nap nap napem minet-nap-em
24.1.0.13       minet-hlh-tac.arpa minet-hlh-tac hlhtc
25.8.0.0        rsre.arpa rsre
26.0.0.3        nosc-cc.arpa nosc-cc nosc
128.49.0.2      nosc-cc.arpa nosc-cc nosc
26.2.0.3        logicon.arpa logicon
26.3.0.3        nprdc.arpa nprdc nprdc-vax nprdc-unix
26.0.0.8        nrl.arpa nrl
26.1.0.8        nrl-aic.arpa nrl-aic
26.3.0.8        nrl-tops10.arpa nrl-tops10
26.6.0.8        nrl-arctan.arpa nrl-arctan
26.7.0.8        nrl-css.arpa nrl-css
192.5.17.112    nrl-css.arpa nrl-css
26.1.0.13       gunter-adam.arpa gunter-adam
26.2.0.13       gunter-tac.arpa gunter-tac gunt
26.3.0.13       atc-kees1.arpa atc-kees1
26.0.0.14       cmu-cs-b.arpa cmu-cs-b cmu-10b cmub
26.0.0.16       ames-tss.arpa ames-tss ames-67 ames
26.1.0.16       ames-tac.arpa ames-tac
26.2.0.16       ames-vmsa.arpa ames-vmsa
26.3.0.16       ames-vmsb.arpa ames-vmsb ames-11
26.6.0.16       riacs-icarus.arpa riacs-icarus icarus
192.5.35.1      riacs-icarus.arpa riacs-icarus icarus
26.0.0.17       mitre.arpa mitre
26.2.0.17       mitre-tac.arpa mitre-tac
26.5.0.17       ddn-pmo-mil-tac.arpa ddn-pmo-mil-tac
26.0.0.18       radc-multics.arpa radc-multics radc
26.2.0.18       radc-tac.arpa radc-tac radt
26.3.0.18       radc-tops20.arpa radc-tops20 radc-20
26.5.0.18       radc-unix.arpa radc-unix
26.6.0.18       ge-crd.arpa ge-crd ge
26.0.0.19       nbs-vms.arpa nbs-vms nbs-10 nbs
26.1.0.19       nbs-sdc.arpa nbs-sdc
26.2.0.19       nbs-unix.arpa nbs-unix
26.3.0.19       nbs-pl.arpa nbs-pl
26.6.0.19       nbs-amrf.arpa nbs-amrf amrf
26.7.0.19       nbs-ssi.arpa nbs-ssi
26.2.0.20       dcec-tac.arpa dcec-tac
26.4.0.20       dca-ems.arpa dca-ems
26.0.0.21       lll-tis.arpa lll-tis lll-unix
26.1.0.21       lll-mfe.arpa lll-mfe mfe
26.2.0.21       lll-zdivision.arpa lll-zdivision
26.0.0.23       usc-eclb.arpa usc-eclb eclb
26.3.0.23       usc-ecl.arpa usc-ecl ecl usc-ecla ecla
26.0.0.24       nadc.arpa nadc
26.1.0.25       ddn1.arpa ddn1 ddn-1
26.0.0.26       pentagon-tac.arpa pentagon-tac
26.3.0.26       tcaccis-csc.arpa tcaccis-csc
26.0.0.29       brl.arpa brl
26.1.0.29       apg-1.arpa apg-1
26.2.0.29       brl-tac.arpa brl-tac
26.0.0.30       brooks-afb-tac.arpa brooks-afb-tac afsc-hrl-tac
26.3.0.30       atc-rand1.arpa atc-rand1
26.0.0.33       nps.arpa nps
26.2.0.33       nps-tac.arpa nps-tac
26.3.0.33       fnoc-secure.arpa fnoc-secure fnwc-secure
26.0.0.34       lbl-nmm.arpa lbl-nmm nmm
26.1.0.34       lbl-csam.arpa lbl-csam lbl-unix csam
128.3.0.24      lbl-csam.arpa lbl-csam lbl-unix csam
26.1.1.34       lbl-g.arpa lbl-g
128.3.0.21      lbl-g.arpa lbl-g
26.1.2.34       lbl-h.arpa lbl-h
128.3.0.22      lbl-h.arpa lbl-h
26.1.3.34       lbl-ws.arpa lbl-ws
128.3.0.31      lbl-ws.arpa lbl-ws
26.0.0.35       nosc-secure2.arpa nosc-secure2 usc-isir1 isir1
26.1.0.35       nosc-tecr.arpa nosc-tecr tecr
26.2.0.35       accat-tac.arpa accat-tac nelc-tip
26.3.0.35       nosc-secure3.arpa nosc-secure3
26.4.0.35       nosc-f4.arpa nosc-f4
26.0.0.36       coins-tas.arpa coins-tas
26.1.0.36       hawaii-emh.arpa hawaii-emh
26.2.0.36       cincpac-tac.arpa cincpac-tac
26.0.0.39       edwards-vax.arpa edwards-vax evax
26.1.0.39       edwards-2060.arpa edwards-2060
26.0.0.40       bbn-mil-tac.arpa bbn-mil-tac
26.1.0.41       micom-test.arpa micom-test
26.2.0.41       micom-tac.arpa micom-tac
26.0.0.43       office-1.arpa office-1 of1
26.1.0.43       office-15.arpa office-15 of15
26.2.0.43       office-3.arpa office-3 of3
26.3.0.43       office-7.arpa office-7 of7
26.0.0.45       ardc-tac.arpa ardc-tac
26.1.0.45       ardc.arpa ardc ardc-ms pica arradcom
26.3.0.46       okc-unix.arpa okc-unix
26.0.0.47       wpafb.arpa wpafb
26.1.0.47       wpafb-afwal.arpa wpafb-afwal avsail wpafb-afal
26.2.0.47       wpafb-tac.arpa wpafb-tac
26.3.0.47       wpafb-info1.arpa wpafb-info1
26.4.0.47       wpafb-jalcf.arpa wpafb-jalcf
26.5.0.47       wpafb-afita.arpa wpafb-afita
26.1.0.48       afwl.arpa afwl
26.2.0.48       afwl-tac.arpa afwl-tac
26.0.0.49       bbnb.arpa bbnb bbn-tenexb
26.0.0.50       darcom-test.arpa darcom-test darcom-hq
26.2.0.50       darcom-tac.arpa darcom-tac
26.3.0.50       lssa-db1.arpa lssa-db1
26.6.0.50       usadhq2.arpa usadhq2
26.7.0.50       etl-ai.arpa etl-ai usaetl etl
26.0.0.53       afsc-ad.arpa afsc-ad eglin
26.2.0.53       afsc-dev.arpa afsc-dev eglin-dev
26.3.0.53       afsc-ad-tac.arpa afsc-ad-tac eglin-tac
26.4.0.53       ncsc.arpa ncsc ncsl
26.5.0.53       martin.arpa martin mmc
26.6.0.53       eglin-vax.arpa eglin-vax
26.2.0.54       acc.arpa acc
26.1.0.55       anl-mcs.arpa anl-mcs
26.2.0.55       compion-vms.arpa compion-vms cc-vms dti
26.0.0.57       tycho.arpa tycho nsa
26.1.0.57       coins-gateway.arpa coins-gateway coins
26.2.0.57       maryland.arpa maryland umd-csd umd8
128.8.0.8       maryland.arpa maryland umd-csd umd8
26.0.0.58       nyu.arpa nyu nyu-cmcl2 cmcl2
192.5.15.129    nyu.arpa nyu nyu-cmcl2 cmcl2
26.1.0.58       bnl.arpa bnl brookhaven
26.1.0.59       scott-tac.arpa scott-tac
26.1.0.60       coradcom-tac.arpa coradcom-tac
26.2.0.60       coradcom2-tac.arpa coradcom2-tac
26.3.0.60       cecom-1.arpa cecom-1 ce cecom
26.0.0.61       stl-host1.arpa stl-host1 darcom-ka
26.1.0.61       almsa-1.arpa almsa-1 almsa
26.2.0.61       stla-tac.arpa stla-tac stl-tip
26.1.0.64       martin-b.arpa martin-b mmc-b
26.2.0.64       robins-tac.arpa robins-tac wralc-tac
26.3.0.64       robins-unix.arpa robins-unix
26.0.0.65       afsc-sd.arpa afsc-sd afsd
26.1.0.65       afsc-sd-tac.arpa afsc-sd-tac sd-tip
26.3.0.65       martin-ed.arpa martin-ed mmc-ed
26.1.0.66       afgl.arpa afgl
26.2.0.66       afgl-tac.arpa afgl-tac
26.3.0.66       mitre-bedford.arpa mitre-bedford mitre-b bedford
26.0.0.67       afsc-hq.arpa afsc-hq hqafsc
26.1.0.67       afsc-hq-tac.arpa afsc-hq-tac hqafsc-tac
26.0.0.68       usgs1-multics.arpa usgs1-multics reston rest
26.2.0.68       usgs1-amdahl.arpa usgs1-amdahl reston-amdahl ram
26.3.0.68       usgs1-tac.arpa usgs1-tac
26.0.0.69       usgs2-multics.arpa usgs2-multics denver
26.1.0.69       usgs2-tac.arpa usgs2-tac
26.0.0.70       usgs3-vms.arpa usgs3-vms menlo
26.1.0.70       usgs3-tac.arpa usgs3-tac
26.2.0.71       tinker-mil-tac.arpa tinker-mil-tac
26.1.0.73       sri-warf.arpa sri-warf warf tscf
26.4.0.73       sri-f4.arpa sri-f4
26.0.0.74       simtel20.arpa simtel20 sands-20 simtel-20
26.1.0.74       wsmr70a.arpa wsmr70a wsmr wsmr-a wsmra
26.2.0.74       wsmr-tac.arpa wsmr-tac
26.3.0.74       wsmr70b.arpa wsmr70b wsmr-b wsmrb
26.2.0.75       yuma-tac.arpa yuma-tac
26.3.0.78       mcclellan.arpa mcclellan sacramento-unix
26.0.0.81       nems.arpa nems
26.1.0.81       nalcon.arpa nalcon
26.2.0.81       david-tac.arpa david-tac
26.3.0.81       dtrc.arpa dtrc nsrdcoa
26.0.0.82       bbncct.arpa bbncct
8.3.0.7         bbncct.arpa bbncct
26.3.0.82       ddn2.arpa ddn2 ddn-2 ddn
26.4.0.82       bbn-rsm.arpa bbn-rsm bbnr
26.5.0.82       tep-tac.arpa tep-tac
26.9.0.82       tep1.arpa tep1
26.0.0.84       nswc-dl.arpa nswc-dl
26.1.0.84       nswc-g.arpa nswc-g
26.2.0.84       nswc-tac.arpa nswc-tac
26.3.0.84       nswc-oas.arpa nswc-oas
26.0.0.85       nwc-387a.arpa nwc-387a
26.1.0.85       nwc-3603.arpa nwc-3603 caep
26.2.0.85       nwc-tac.arpa nwc-tac
26.3.0.85       nwc-387b.arpa nwc-387b
26.0.0.87       sandia.arpa sandia snl
26.0.0.88       nlm-mcs.arpa nlm-mcs nlm mcs
192.5.52.1      nlm-mcs.arpa nlm-mcs nlm mcs
26.0.0.90       lanl.arpa lanl
26.1.0.92       nusc-ada.arpa nusc-ada
26.2.0.92       nusc-npt.arpa nusc-npt
26.3.0.92       nusc.arpa nusc
26.4.0.92       navdaf-newport.arpa navdaf-newport
26.0.0.93       office-8.arpa office-8 of8
26.1.0.93       office-10.arpa office-10 of10
26.2.0.93       office-2.arpa office-2 of2 office off
26.0.0.95       s1-gateway.arpa s1-gateway
26.1.0.95       s1-a.arpa s1-a s1 s1a s-1 s1-coprolite
26.2.0.95       s1-b.arpa s1-b s1-angband angband
128.15.0.2      s1-b.arpa s1-b s1-angband angband
26.3.0.95       s1-c.arpa s1-c s1-mordor mordor
128.15.0.3      s1-c.arpa s1-c s1-mordor mordor
26.2.0.97       paxrv-nes.arpa paxrv-nes pax
26.3.0.97       pax-rv-tac.arpa pax-rv-tac
26.0.0.100      test-tac.arpa test-tac
26.0.0.102      nswc-wo.arpa nswc-wo
26.1.0.103      usc-isie.arpa usc-isie isie
26.2.0.103      ada-vax.arpa ada-vax isi-vaxb ajpo vaxb
26.3.0.103      usc-isi.arpa usc-isi usc-isia isia isi
26.1.0.104      dcec-lsus2.arpa dcec-lsus2 dcec2
26.2.0.104      dcec-mil-tac.arpa dcec-mil-tac
26.4.0.104      dcec-lsus.arpa dcec-lsus dcec1
26.1.0.105      sac1-mil-tac.arpa sac1-mil-tac
26.1.0.106      arpa1-mil-tac.arpa arpa1-mil-tac
26.2.0.106      arpa2-mil-tac.arpa arpa2-mil-tac
26.3.0.106      arpa-png11.arpa arpa-png11 arpa-xgp11
26.0.0.112      stl-host2.arpa stl-host2
26.0.0.116      frankfurt-mil-tac.arpa frankfurt-mil-tac
26.0.0.117      korea-emh.arpa korea-emh
26.2.0.117      korea-tac.arpa korea-tac
32.2.0.42       ucl-tac.arpa ucl-tac london-tac
36.45.0.85      su-ardvax.arpa su-ardvax ardvax
36.45.0.86      su-safe.arpa su-safe safe
36.40.0.93      su-csli.arpa su-csli csli turing su-turing
36.40.0.192     su-shasta.arpa su-shasta shasta
36.40.0.193     su-hnv.arpa su-hnv su-diablo diablo su-hpp-ng-vax
36.40.0.203     su-navajo.arpa su-navajo navajo su-na-vax
36.40.0.204     su-whitney.arpa su-whitney whitney su-robotics
36.40.0.205     su-glacier.arpa su-glacier glacier su-icl
36.40.0.207     su-star.arpa su-star star
36.40.0.212     su-carmel.arpa su-carmel carmel
36.40.0.213     su-sierra.arpa su-sierra sierra
36.40.0.215     su-coyote.arpa su-coyote coyote
36.40.0.216     su-cascade.arpa su-cascade cascade
47.0.32.3       sac-vax.arpa sac-vax sri-spud spud
47.0.0.115      sac-station1.arpa sac-station1
47.0.0.123      sac-station2.arpa sac-station2
47.0.0.128      sac-station3.arpa sac-station3
128.16.9.0      ucl-sam.arpa ucl-sam
128.4.0.1       dcn1.arpa dcn1 linkabit
10.3.0.17       dcn1.arpa dcn1 linkabit
128.5.0.1       ford1.arpa ford1 ford
128.5.32.1      ford-wdl1.arpa ford-wdl1 facc
128.5.33.1      ford-scf1.arpa ford-scf1
128.5.34.1      ford-cos1.arpa ford-cos1
128.5.35.1      ford-hou1.arpa ford-hou1
128.7.0.1       dfvlr1.arpa dfvlr1 dfvlr oberpfaffenhofen
128.8.0.1       umd1.arpa umd1 umd
128.10.0.1      purdue.arpa purdue purdue-cs purdue-arthur arthur
10.0.0.37       purdue.arpa purdue purdue-cs purdue-arthur arthur
192.5.48.1      purdue.arpa purdue purdue-cs purdue-arthur arthur
128.16.9.1      ucl-probe.arpa ucl-probe
128.19.1.1      edn-host1.arpa edn-host1
128.20.2.1      brl-tac1.arpa brl-tac1
128.20.3.1      amsaa.arpa amsaa
128.20.4.1      amsaa-vms.arpa amsaa-vms
128.42.2.1      rice-goliath.arpa rice-goliath goliath
128.42.3.1      rice-mimas.arpa rice-mimas mimas
128.49.0.1      nosc-bugs.arpa nosc-bugs
128.2.251.2     cmu-ee-faraday.arpa cmu-ee-faraday
128.4.0.2       dcn2.arpa dcn2 dcn-vax
128.5.0.2       ford2.arpa ford2
128.5.32.2      ford-wdl2.arpa ford-wdl2
128.7.0.2       dfvlr2.arpa dfvlr2
128.8.0.2       umd2.arpa umd2 umdu umd-univac
128.10.0.2      purdue-mordred.arpa purdue-mordred mordred
192.5.48.2      purdue-mordred.arpa purdue-mordred mordred
128.11.0.2      bbn-cvax.arpa bbn-cvax cvax
128.16.3.2      ucl-terminal-gateway.arpa ucl-terminal-gateway
128.16.9.2      ucl-tg.arpa ucl-tg
14.0.0.5        ucl-tg.arpa ucl-tg
128.20.0.2      brl-vat.arpa brl-vat vat
128.20.1.2      brl-hep.arpa brl-hep
128.20.2.2      brl-tac2.arpa brl-tac2
128.20.3.2      brl-voc.arpa brl-voc voc
192.5.22.18     brl-voc.arpa brl-voc voc
128.21.32.2     sri-spam.arpa sri-spam spam
192.5.38.3      sri-spam.arpa sri-spam spam
128.36.0.2      yale-ring.arpa yale-ring
128.39.0.2      ntare1.arpa ntare1 ntare
128.42.1.2      rice-rhea.arpa rice-rhea rhea
128.42.3.2      rice-tethys.arpa rice-tethys tethys
128.4.0.3       dcn3.arpa dcn3 dcn-11a
128.5.0.3       ford3.arpa ford3
128.5.32.3      ford-wdl3.arpa ford-wdl3
128.7.0.3       dfvlr3.arpa dfvlr3
128.8.0.3       umd3.arpa umd3
128.16.9.3      ucl-cs.arpa ucl-cs ucl
128.20.0.3      brl-tbd.arpa brl-tbd tbd
128.20.2.3      brl-tac3.arpa brl-tac3
128.42.1.3      rice-janus.arpa rice-janus rice-vms rice-780
128.42.3.3      rice-hyperion.arpa rice-hyperion hyperion hyp
128.49.0.3      nosc-guppy.arpa nosc-guppy
128.4.0.4       dcn4.arpa dcn4 dcn-11b
128.5.0.4       ford4.arpa ford4
128.5.32.4      ford-wdl4.arpa ford-wdl4
128.8.0.4       cvl.arpa cvl umd4
128.16.9.4      ucl-niftp.arpa ucl-niftp
128.20.0.4      brl-lfd.arpa brl-lfd lfd
128.20.2.4      brl-tac4.arpa brl-tac4
128.21.48.4     sri-rolm.arpa sri-rolm
128.42.1.4      rice-iapetus.arpa rice-iapetus iapetus iap
128.42.3.4      rice-phobos.arpa rice-phobos phobos
128.49.0.4      nosc-marlin.arpa nosc-marlin
128.4.0.5       dcn5.arpa dcn5 dcn-11c
128.5.32.5      ford-wdl5.arpa ford-wdl5
128.8.0.5       umd5.arpa umd5
128.20.0.5      hel-ace.arpa hel-ace ace
128.20.1.5      hel-cpx.arpa hel-cpx
128.32.0.5      ucbcad.arpa ucbcad
128.42.1.5      rice-ceres.arpa rice-ceres ceres
128.49.0.5      nosc-cod.arpa nosc-cod
128.4.0.6       dcn6.arpa dcn6 backroom
128.5.32.6      ford-wdl6.arpa ford-wdl6
128.8.0.6       umd6.arpa umd6
128.10.0.6      purdue-merlin.arpa purdue-merlin merlin
192.5.48.3      purdue-merlin.arpa purdue-merlin merlin
128.20.0.6      crdc.arpa crdc
128.32.0.6      ucbernie.arpa ucbernie
128.42.1.6      rice-pallas.arpa rice-pallas pallas
128.49.0.6      nosc-perch.arpa nosc-perch
128.4.0.7       dcn7.arpa dcn7
128.7.0.7       dfvlr7.arpa dfvlr7 aroe stuttgart
128.8.0.7       umd7.arpa umd7 umd-univac-test
128.32.0.7      ucbmonet.arpa ucbmonet
128.42.1.7      rice-vesta.arpa rice-vesta vesta
128.4.0.8       dcn8.arpa dcn8
128.5.0.8       ford-lab.arpa ford-lab ford8
128.5.32.8      ford-wdl8.arpa ford-wdl8
128.42.1.8      rice-nexus.arpa rice-nexus nexus
128.4.0.9       dcn9.arpa dcn9
128.5.0.9       ford-vax.arpa ford-vax ford9
128.5.32.9      ford-wdl9.arpa ford-wdl9
128.8.0.9       umd9.arpa umd9
128.11.0.9      bbn-meta.arpa bbn-meta meta
128.42.1.9      rice-eesun.arpa rice-eesun eesun
128.5.0.10      ford-res.arpa ford-res forda ford-20
128.5.32.10     ford-wdl10.arpa ford-wdl10
128.8.0.10      umda.arpa umda umdvma
128.42.1.10     rice-invader.arpa rice-invader invader mkdsun
128.5.0.11      ford-ecc.arpa ford-ecc fordb
128.8.0.11      umdb.arpa umdb umdvmb
128.32.0.11     ucbkim.arpa ucbkim
128.42.1.11     rice-enceladus.arpa rice-enceladus enceladus enc
128.5.0.12      ford-srl.arpa ford-srl fordc
128.8.0.12      umdc.arpa umdc umdvmc
128.32.0.12     ucbcalder.arpa ucbcalder
128.42.1.12     rice-juno.arpa rice-juno juno
128.5.0.13      ford-ers.arpa ford-ers fordd dearborn
128.8.0.13      umdd.arpa umdd
128.32.0.13     ucbdali.arpa ucbdali
128.42.1.13     rice-polaris.arpa rice-polaris polaris
128.5.0.14      ford-eed.arpa ford-eed forde dptc
128.8.0.14      umde.arpa umde
128.32.0.14     ucbmatisse.arpa ucbmatisse
128.5.0.15      ford-foe.arpa ford-foe fordf dunton
128.8.0.15      umdf.arpa umdf
128.42.1.15     rice-rn01.arpa rice-rn01 rn01
128.32.0.19     ucbingres.arpa ucbingres
128.32.0.22     ucbdegas.arpa ucbdegas
128.9.0.24      isi-accutest.arpa isi-accutest
128.32.0.31     ucbrenoir.arpa ucbrenoir
128.9.0.41      isi-elvira.arpa isi-elvira elvira
128.9.0.43      isi-moe.arpa isi-moe moe
128.9.0.44      isi-troll.arpa isi-troll troll
128.9.0.45      isi-curly.arpa isi-curly curly
128.9.0.46      isi-shemp.arpa isi-shemp shemp
128.9.0.47      isi-vlsid.arpa isi-vlsid vlsid
128.9.0.48      isi-vlsic.arpa isi-vlsic vlsic
128.9.0.49      isi-vlsia.arpa isi-vlsia
128.9.0.50      isi-vlsib.arpa isi-vlsib
128.21.0.59     sri-station1.arpa sri-station1
128.16.1.67     ucl-lsih.arpa ucl-lsih
128.21.0.67     sri-station2.arpa sri-station2
128.31.41.70    scrc-collie.arpa scrc-collie
192.10.41.70    scrc-collie.arpa scrc-collie
128.21.0.75     sri-station3.arpa sri-station3
128.9.0.92      isi-dawn.arpa isi-dawn dawn isi-sun5
128.9.0.93      isi-rising.arpa isi-rising rising isi-sun4
128.16.1.106    ucl-lsil.arpa ucl-lsil
128.16.1.110    ucl-lsim.arpa ucl-lsim
128.16.2.241    ucl-lsim.arpa ucl-lsim
128.9.0.112     isi-spanky.arpa isi-spanky spanky
128.16.1.112    ucl-lsii.arpa ucl-lsii
128.9.0.113     isi-alfalfa.arpa isi-alfalfa alfalfa
128.16.1.113    ucl-lsij.arpa ucl-lsij
128.16.2.174    ucl-lsij.arpa ucl-lsij
128.9.0.114     isi-darla.arpa isi-darla darla
128.9.0.115     isi-buckwheat.arpa isi-buckwheat buckwheat
128.16.1.115    ucl-lsik.arpa ucl-lsik
128.9.0.116     isi-stymie.arpa isi-stymie stymie
128.9.0.117     isi-farina.arpa isi-farina farina
128.9.0.118     isi-pete.arpa isi-pete pete pete-the-pup
128.9.0.119     isi-froggie.arpa isi-froggie froggie
128.9.0.121     isi-wab2.arpa isi-wab2
128.9.0.122     isi-randy.arpa isi-randy
128.9.0.123     isi-rag2.arpa isi-rag2
128.2.254.128   cmu-cs-ius.arpa cmu-cs-ius
128.2.254.129   cmu-cs-vlsi.arpa cmu-cs-vlsi
128.2.254.130   cmu-cs-ps1.arpa cmu-cs-ps1
128.2.254.131   cmu-cs-zog.arpa cmu-cs-zog
128.2.254.132   cmu-cs-g.arpa cmu-cs-g
128.2.254.133   cmu-cs-cad.arpa cmu-cs-cad
128.2.254.136   cmu-cs-k.arpa cmu-cs-k
128.2.254.138   cmu-ri-fas.arpa cmu-ri-fas
128.2.254.139   cmu-cs-spice.arpa cmu-cs-spice
128.2.254.140   cmu-cs-gandalf.arpa cmu-cs-gandalf
128.2.254.141   cmu-ri-leg.arpa cmu-ri-leg
128.2.254.143   cmu-ri-isl1.arpa cmu-ri-isl1 cmu-ri-isl
128.2.254.144   cmu-cs-j.arpa cmu-cs-j
128.2.254.145   cmu-cs-speech.arpa cmu-cs-speech
128.2.254.146   cmu-cs-ps2.arpa cmu-cs-ps2
128.2.254.147   cmu-ri-sensor.arpa cmu-ri-sensor
128.2.254.150   cmu-cs-unh.arpa cmu-cs-unh
128.18.3.150    sri-tsca.arpa sri-tsca tsca
128.2.254.151   cmu-ri-arm.arpa cmu-ri-arm
128.2.254.152   cmu-ri-isl2.arpa cmu-ri-isl2
128.2.254.153   cmu-cs-cfs.arpa cmu-cs-cfs
128.2.254.154   cmu-ri-isl3.arpa cmu-ri-isl3
128.2.254.155   cmu-cs-pt.arpa cmu-cs-pt
128.2.254.156   cmu-cs-h.arpa cmu-cs-h
128.2.254.157   cmu-ri-rover.arpa cmu-ri-rover
128.2.254.158   cmu-ri-vi.arpa cmu-ri-vi
128.2.254.159   cmu-cs-ps3.arpa cmu-cs-ps3
192.5.1.0       cisl-development-multics.arpa cisl-development-multics
192.5.2.1       wisc-rsch.arpa wisc-rsch rsch uwvax
192.5.8.1       uw-beaver.arpa uw-beaver beaver theodore
192.5.19.1      uci-750a.arpa uci-750a uci
192.5.21.1      brl-bmd.arpa brl-bmd bmd70
192.5.26.1      dtnsrdc3.arpa dtnsrdc3
192.5.27.1      dtnsrdc1.arpa dtnsrdc1
192.5.38.1      sri-dimsun.arpa sri-dimsun dimsun dim
192.5.40.1      pucc-c.arpa pucc-c puccc
192.5.2.2       wisc-db.arpa wisc-db dbvax
192.5.8.2       uw-lumpy.arpa uw-lumpy lumpy clarence
192.5.9.2       aerospace.arpa aerospace aero
26.2.0.65       aerospace.arpa aerospace aero
192.5.11.2      hugo.arpa hugo
192.5.18.2      ipto.arpa ipto ipto2
192.5.19.2      uci-750b.arpa uci-750b
192.5.21.2      brl-vld.arpa brl-vld vld70
192.5.27.2      dtnsrdc2.arpa dtnsrdc2
192.5.35.2      riacs.arpa riacs riacs-daedalus daedalus
192.5.38.2      sri-wonton.arpa sri-wonton wonton won
192.5.40.2      pucc-d.arpa pucc-d puccd
192.5.52.2      nlm-vax.arpa nlm-vax
192.5.7.3       cit-750.arpa cit-750
192.5.8.3       uw-wally.arpa uw-wally wally
192.5.11.3      sdccis.arpa sdccis
192.5.18.3      ipto3.arpa ipto3
192.5.21.3      brl-svg.arpa brl-svg
192.5.35.3      ames-hjulian.arpa ames-hjulian hjulian
192.5.40.3      pucc-e.arpa pucc-e pucce
192.5.8.4       uw-june.arpa uw-june june
192.5.11.4      cisclon.arpa cisclon
192.5.18.4      ipto4.arpa ipto4
192.5.21.4      brl-tgr.arpa brl-tgr tgr
192.5.36.4      cornell-pvax.arpa cornell-pvax
192.5.38.4      sri-imagen.arpa sri-imagen aitad-imagen
192.5.40.4      pucc-h.arpa pucc-h pucch
192.5.15.5      nyu-cmcl1.arpa nyu-cmcl1 cmcl1
192.5.18.5      ipto5.arpa ipto5
192.5.36.5      cornell-gvax.arpa cornell-gvax gvax
192.5.40.5      pucc-i.arpa pucc-i pucci
128.10.0.4      pucc-i.arpa pucc-i pucci
192.5.8.6       uw-eddie.arpa uw-eddie eddie
192.5.11.6      css-tiu1.arpa css-tiu1
192.5.15.6      nyu-acf1.arpa nyu-acf1 acf1
192.5.18.6      ipto6.arpa ipto6
192.5.21.6      brl-vgr.arpa brl-vgr vgr
128.20.1.1      brl-vgr.arpa brl-vgr vgr
192.5.36.6      cornell-gidney.arpa cornell-gidney gidney
192.5.40.6      pucc-j.arpa pucc-j puccj
192.5.2.7       wisc-crys.arpa wisc-crys crystal wisconsin uwisc
192.5.8.7       uw-bluechip.arpa uw-bluechip bluechip bc larry
192.5.11.7      css-tiu2.arpa css-tiu2
192.5.18.7      ipto7.arpa ipto7
192.5.40.7      pucc-k.arpa pucc-k pucck
192.5.8.8       uw-tahiti.arpa uw-tahiti tahiti
192.5.11.8      janus.arpa janus
192.5.15.8      nyu-acf3.arpa nyu-acf3 acf3
192.5.46.8      nta-vax.arpa nta-vax
192.5.8.9       uw-fiji.arpa uw-fiji fiji
192.5.15.9      nyu-acf2.arpa nyu-acf2 nyu-ada acf2
192.1.7.10      bbnv1.arpa bbnv1
192.5.8.10      uw-bali.arpa uw-bali bali
192.5.15.10     nyu-cims1.arpa nyu-cims1 cims1
192.5.8.11      uw-sumatra.arpa uw-sumatra sumatra
192.5.8.12      uw-maui.arpa uw-maui maui
192.5.15.15     nyu-lsp1.arpa nyu-lsp1 lsp1
192.5.23.16     brl-zap.arpa brl-zap
192.5.22.17     brl-mis.arpa brl-mis
192.5.22.19     brl-cyber.arpa brl-cyber mfa
192.10.41.21    scrc-riverside.arpa scrc-riverside
192.5.12.22     utah-gr.arpa utah-gr
192.5.12.23     utah-sp.arpa utah-sp
192.10.41.27    scrc-cupid.arpa scrc-cupid
192.10.41.67    scrc-triceratops.arpa scrc-triceratops
192.5.22.82     brl-aos.arpa brl-aos aos rucker-vax
192.5.37.83     ur-seneca.arpa ur-seneca ur-filter-queen
192.5.17.103    nrl-mms.arpa nrl-mms
192.5.17.104    nrl-speech.arpa nrl-speech
192.5.17.105    nrl-graphics.arpa nrl-graphics
192.5.15.132    nyu-csd2.arpa nyu-csd2 csd2
192.5.15.133    nyu-acf4.arpa nyu-acf4 acf4
192.5.15.134    nyu-tut.arpa nyu-tut tut
192.5.17.153    nrl-ostc.arpa nrl-ostc
192.5.37.209    ur-cayuga.arpa ur-cayuga ur-electrolux
192.5.37.210    ur-keuka.arpa ur-keuka ur-kirby
192.5.37.211    ur-canandaigua.arpa ur-canandaigua ur-hoover
192.5.37.212    ur-skaneateles.arpa ur-skaneateles ur-eureka
